bin,DPPC,W,CHOL,Tail,Gli,Fosf,ZNPC,Lipid,DPPC_smooth,W_smooth,CHOL_smooth,Tail_smooth,Gli_smooth,Fosf_smooth,ZNPC_smooth,Lipid_smooth
-67.64155471571856,0.0,0.9637291363126083,0.0,0.0,0.0,0.0,0.0,0.0,,,,,,,,
-67.14155471571856,0.0,0.95913153031954,0.0,0.0,0.0,0.0,0.0,0.0,,,,,,,,
-66.64155471571856,0.0,0.9590442321847493,0.0,0.0,0.0,0.0,0.0,0.0,,,,,,,,
-66.14155471571856,0.0,0.9585598734271772,0.0,0.0,0.0,0.0,0.0,0.0,,,,,,,,
-65.64155471571856,0.0,0.9583034960161282,0.0,0.0,0.0,0.0,0.0,0.0,0.0,0.9597536536520407,0.0,0.0,0.0,0.0,0.0,0.0
-65.14155471571856,0.0,0.9605752005465671,0.0,0.0,0.0,0.0,0.0,0.0,0.0,0.9591228664988323,0.0,0.0,0.0,0.0,0.0,0.0
-64.64155471571856,0.0,0.9594291979198246,0.0,0.0,0.0,0.0,0.0,0.0,0.0,0.9591824000188893,0.0,0.0,0.0,0.0,0.0,0.0
-64.14155471571856,0.0,0.9578079388829162,0.0,0.0,0.0,0.0,0.0,0.0,0.0,0.9589351413585228,0.0,0.0,0.0,0.0,0.0,0.0
-63.641554715718556,0.0,0.9586202773661907,0.0,0.0,0.0,0.0,0.0,0.0,0.0,0.9589472221463253,0.0,0.0,0.0,0.0,0.0,0.0
-63.141554715718556,0.0,0.9593210366475619,0.0,0.0,0.0,0.0,0.0,0.0,0.0,0.9591507302726121,0.0,0.0,0.0,0.0,0.0,0.0
-62.641554715718556,0.0,0.9591919657531985,0.0,0.0,0.0,0.0,0.0,0.0,0.0,0.9588740833139383,0.0,0.0,0.0,0.0,0.0,0.0
-62.141554715718556,0.0,0.959339197292641,0.0,0.0,0.0,0.0,0.0,0.0,0.0,0.9588560831885017,0.0,0.0,0.0,0.0,0.0,0.0
-61.641554715718556,0.0,0.9597079310739632,0.0,0.0,0.0,0.0,0.0,0.0,0.0,0.959236081626711,0.0,0.0,0.0,0.0,0.0,0.0
-61.141554715718556,0.0,0.958527759108125,0.0,0.0,0.0,0.0,0.0,0.0,0.0,0.959217577975098,0.0,0.0,0.0,0.0,0.0,0.0
-60.641554715718556,0.0,0.9594025295123083,0.0,0.0,0.0,0.0,0.0,0.0,0.0,0.9592338765480474,0.0,0.0,0.0,0.0,0.0,0.0
-60.141554715718556,0.0,0.9582742821008027,0.0,0.0,0.0,0.0,0.0,0.0,0.0,0.959050339817568,0.0,0.0,0.0,0.0,0.0,0.0
-59.641554715718556,0.0,0.95826925568278,0.0,0.0,0.0,0.0,0.0,0.0,0.0,0.9588363514955958,0.0,0.0,0.0,0.0,0.0,0.0
-59.141554715718556,0.0,0.9593638821873846,0.0,0.0,0.0,0.0,0.0,0.0,0.0,0.9587675417182802,0.0,0.0,0.0,0.0,0.0,0.0
-58.641554715718556,0.0,0.9584650829541339,0.0,0.0,0.0,0.0,0.0,0.0,0.0,0.9587550064874819,0.0,0.0,0.0,0.0,0.0,0.0
-58.141554715718556,0.0,0.9590926988090043,0.0,0.0,0.0,0.0,0.0,0.0,0.0,0.958693040346821,0.0,0.0,0.0,0.0,0.0,0.0
-57.641554715718556,0.0,0.9589628037486239,0.0,0.0,0.0,0.0,0.0,0.0,0.0,0.9588307446763853,0.0,0.0,0.0,0.0,0.0,0.0
-57.141554715718556,0.0,0.9581577282790633,0.0,0.0,0.0,0.0,0.0,0.0,0.0,0.958808439195642,0.0,0.0,0.0,0.0,0.0,0.0
-56.641554715718556,0.0,0.95811452447602,0.0,0.0,0.0,0.0,0.0,0.0,0.0,0.9585585676533691,0.0,0.0,0.0,0.0,0.0,0.0
-56.141554715718556,0.0,0.9589959963182701,0.0,0.0,0.0,0.0,0.0,0.0,0.0,0.9586647503261962,0.0,0.0,0.0,0.0,0.0,0.0
-55.641554715718556,0.0,0.9597168675930443,0.0,0.0,0.0,0.0,0.0,0.0,0.0,0.9587895840830043,0.0,0.0,0.0,0.0,0.0,0.0
-55.141554715718556,0.0,0.9598718331813919,0.0,0.0,0.0,0.0,0.0,0.0,0.0,0.9589713899695578,0.0,0.0,0.0,0.0,0.0,0.0
-54.641554715718556,0.0,0.9576509658605358,0.0,0.0,0.0,0.0,0.0,0.0,0.0,0.9588700374858524,0.0,0.0,0.0,0.0,0.0,0.0
-54.141554715718556,0.0,0.9596997754285045,0.0,0.0,0.0,0.0,0.0,0.0,0.0,0.9591870876763494,0.0,0.0,0.0,0.0,0.0,0.0
-53.641554715718556,0.0,0.9578363540681618,0.0,0.0,0.0,0.0,0.0,0.0,0.0,0.9589551592263277,0.0,0.0,0.0,0.0,0.0,0.0
-53.141554715718556,0.0,0.9597548066408099,0.0,0.0,0.0,0.0,0.0,0.0,0.0,0.9589627470358808,0.0,0.0,0.0,0.0,0.0,0.0
-52.641554715718556,0.0,0.9596598460458252,0.0,0.0,0.0,0.0,0.0,0.0,0.0,0.9589203496087674,0.0,0.0,0.0,0.0,0.0,0.0
-52.141554715718556,0.0,0.9587814613153443,0.0,0.0,0.0,0.0,0.0,0.0,0.0,0.9591464486997292,0.0,0.0,0.0,0.0,0.0,0.0
-51.641554715718556,0.0,0.9575739130027807,0.0,0.0,0.0,0.0,0.0,0.0,0.0,0.9587212762145845,0.0,0.0,0.0,0.0,0.0,0.0
-51.141554715718556,0.0,0.9597645568799547,0.0,0.0,0.0,0.0,0.0,0.0,0.0,0.9591069167769429,0.0,0.0,0.0,0.0,0.0,0.0
-50.641554715718556,0.0,0.9594851135084972,0.0,0.0,0.0,0.0,0.0,0.0,0.0,0.9590529781504804,0.0,0.0,0.0,0.0,0.0,0.0
-50.141554715718556,0.0,0.9583906452527385,0.0,0.0,0.0,0.0,0.0,0.0,0.0,0.958799137991863,0.0,0.0,0.0,0.0,0.0,0.0
-49.641554715718556,0.0,0.9586880263413935,0.0,0.0,0.0,0.0,0.0,0.0,0.0,0.9587804509970729,0.0,0.0,0.0,0.0,0.0,0.0
-49.141554715718556,0.0,0.9580556016074778,0.0,0.0,0.0,0.0,0.0,0.0,0.0,0.9588767887180122,0.0,0.0,0.0,0.0,0.0,0.0
-48.641554715718556,0.0,0.9587484260682307,0.0,0.0,0.0,0.0,0.0,0.0,0.0,0.9586735625556676,0.0,0.0,0.0,0.0,0.0,0.0
-48.141554715718556,0.0,0.9589413775269222,0.0,0.0,0.0,0.0,0.0,0.0,0.0,0.9585648153593527,0.0,0.0,0.0,0.0,0.0,0.0
-47.641554715718556,0.0,0.9591259668354939,0.0,0.0,0.0,0.0,0.0,0.0,0.0,0.9587118796759035,0.0,0.0,0.0,0.0,0.0,0.0
-47.141554715718556,0.0,0.9592934610377063,0.0,0.0,0.0,0.0,0.0,0.0,0.0,0.9588329666151661,0.0,0.0,0.0,0.0,0.0,0.0
-46.641554715718556,0.0,0.9583267541610175,0.0,0.0,0.0,0.0,0.0,0.0,0.0,0.9588871971258742,0.0,0.0,0.0,0.0,0.0,0.0
-46.141554715718556,0.0,0.9581748829320635,0.0,0.0,0.0,0.0,0.0,0.0,0.0,0.9587724884986407,0.0,0.0,0.0,0.0,0.0,0.0
-45.641554715718556,0.0,0.9593501210358416,0.0,0.0,0.0,0.0,0.0,0.0,0.0,0.9588542372004246,0.0,0.0,0.0,0.0,0.0,0.0
-45.141554715718556,0.0,0.9591087573549528,0.0,0.0,0.0,0.0,0.0,0.0,0.0,0.9588507953043163,0.0,0.0,0.0,0.0,0.0,0.0
-44.641554715718556,0.0,0.9585166467167217,0.0,0.0,0.0,0.0,0.0,0.0,0.0,0.9586954324401195,0.0,0.0,0.0,0.0,0.0,0.0
-44.141554715718556,0.0,0.9582015560586796,0.0,0.0,0.0,0.0,0.0,0.0,0.0,0.9586703928196518,0.0,0.0,0.0,0.0,0.0,0.0
-43.641554715718556,0.0,0.9587785983896244,0.0,0.0,0.0,0.0,0.0,0.0,0.0,0.958791135911164,0.0,0.0,0.0,0.0,0.0,0.0
-43.141554715718556,0.0,0.9586217351037662,0.0,0.0,0.0,0.0,0.0,0.0,0.0,0.9586454587247489,0.0,0.0,0.0,0.0,0.0,0.0
-42.641554715718556,0.0,0.9595749176514895,0.0,0.0,0.0,0.0,0.0,0.0,0.0,0.9587386907840563,0.0,0.0,0.0,0.0,0.0,0.0
-42.141554715718556,0.0,0.9588698742524228,0.0,0.0,0.0,0.0,0.0,0.0,0.0,0.9588093362911966,0.0,0.0,0.0,0.0,0.0,0.0
-41.641554715718556,0.0,0.9573983013090152,0.0,0.0,0.0,0.0,0.0,0.0,0.0,0.9586486853412636,0.0,0.0,0.0,0.0,0.0,0.0
-41.141554715718556,0.0,0.9590091395580426,0.0,0.0,0.0,0.0,0.0,0.0,0.0,0.9586947935749471,0.0,0.0,0.0,0.0,0.0,0.0
-40.641554715718556,0.0,0.957949257687808,0.0,0.0,0.0,0.0,0.0,0.0,0.0,0.9585602980917555,0.0,0.0,0.0,0.0,0.0,0.0
-40.141554715718556,0.0,0.958378470189089,0.0,0.0,0.0,0.0,0.0,0.0,0.0,0.9583210085992755,0.0,0.0,0.0,0.0,0.0,0.0
-39.641554715718556,0.0,0.9581683680330645,0.0,0.0,0.0,0.0,0.0,0.0,0.0,0.9581807073554038,0.0,0.0,0.0,0.0,0.0,0.0
-39.141554715718556,0.0,0.9607526845019067,0.0,0.0,0.0,0.0,0.0,0.0,0.0,0.9588515839939822,0.0,0.0,0.0,0.0,0.0,0.0
-38.641554715718556,0.0,0.9570694009871062,0.0,0.0,0.0,0.0,0.0,0.0,0.0,0.9584636362797948,0.0,0.0,0.0,0.0,0.0,0.0
-38.141554715718556,0.0,0.9578278335877561,0.0,0.0,0.0,0.0,0.0,0.0,0.0,0.9584393514597845,0.0,0.0,0.0,0.0,0.0,0.0
-37.641554715718556,0.0,0.9581850410420404,0.0,0.0,0.0,0.0,0.0,0.0,0.0,0.9584006656303747,0.0,0.0,0.0,0.0,0.0,0.0
-37.141554715718556,0.0,0.9590398014408887,0.0,0.0,0.0,0.0,0.0,0.0,0.0,0.9585749523119397,0.0,0.0,0.0,0.0,0.0,0.0
-36.641554715718556,0.0,0.9584270672667027,0.0,0.0,0.0,0.0,0.0,0.0,0.0,0.9581098288648988,0.0,0.0,0.0,0.0,0.0,0.0
-36.141554715718556,0.0,0.9583558767785484,0.0,0.0,0.0,0.0,0.0,0.0,0.0,0.9583671240231872,0.0,0.0,0.0,0.0,0.0,0.0
-35.641554715718556,0.0,0.9588775526289138,0.0,0.0,0.0,0.0,0.0,0.0,0.0,0.9585770678314187,0.0,0.0,0.0,0.0,0.0,0.0
-35.141554715718556,0.0,0.9579374206774658,0.0,0.0,0.0,0.0,0.0,0.0,0.0,0.9585275437585039,0.0,0.0,0.0,0.0,0.0,0.0
-34.641554715718556,0.0,0.9577299641646926,0.0,0.0,0.0,0.0,0.0,0.0,0.0,0.9582655763032646,0.0,0.0,0.0,0.0,0.0,0.0
-34.141554715718556,0.0,0.9588383535859322,0.0,0.0,0.0,0.0,0.0,0.0,0.0,0.9583478335671105,0.0,0.0,0.0,0.0,0.0,0.0
-33.641554715718556,6.695424164011e-07,0.9571590969896935,0.0,0.0,0.0,0.0,0.0,6.695424164011e-07,1.3390848328022e-07,0.9581084776093396,0.0,0.0,0.0,0.0,0.0,1.3390848328022e-07
-33.141554715718556,3.3477120820055e-06,0.9599179672805954,0.0,0.0,0.0,0.0,0.0,3.3477120820055e-06,8.034508996813199e-07,0.958316560539676,0.0,0.0,0.0,0.0,0.0,8.034508996813199e-07
-32.641554715718556,2.0040479963611354e-05,0.9584087032277568,0.0,0.0,0.0,0.0,0.0,2.0040479963611354e-05,4.811546892403591e-06,0.9584108170497341,0.0,0.0,0.0,0.0,0.0,4.811546892403591e-06
-32.141554715718556,8.150100468724761e-05,0.9579537840108908,0.0,0.0,0.0,0.0,0.0,8.150100468724761e-05,2.111174782985311e-05,0.9584555810189738,0.0,0.0,0.0,0.0,0.0,2.111174782985311e-05
-31.641554715718556,0.0003050191077175454,0.9586958520138538,0.0,0.0,0.0,7.124893341306487e-07,0.0,0.0003050191077175454,8.211556937336219e-05,0.9584270807045581,0.0,0.0,0.0,1.4249786682612974e-07,0.0,8.211556937336219e-05
-31.141554715718556,0.0010846936584941076,0.9551881202328831,0.0,0.0,0.0,0.0,0.0,0.0010846936584941076,0.0002989203925889035,0.958032885353196,0.0,0.0,0.0,1.4249786682612974e-07,0.0,0.0002989203925889035
-30.641554715718556,0.0031080328886323757,0.9525996677993761,0.0,0.0,0.0,1.4204141140320595e-05,0.0,0.0031080328886323757,0.0009198574278989775,0.9565692254569521,0.0,0.0,0.0,2.983326094890249e-06,0.0,0.0009198574278989775
-30.141554715718556,0.007494126439935283,0.9466511517984135,0.0,0.0,0.0,3.268321828542508e-05,0.0,0.007494126439935283,0.0024146746198933115,0.9542177151710834,0.0,0.0,0.0,9.519969751975265e-06,0.0,0.0024146746198933115
-29.641554715718556,0.014968523600120482,0.9396254370757979,0.0,0.0,7.124893341306487e-07,0.00011455600682560988,0.0,0.014968523600120482,0.005392079138979959,0.9505520457840649,0.0,0.0,1.4249786682612974e-07,3.243117111709724e-05,0.0,0.005392079138979959
-29.141554715718556,0.026362358073440215,0.9295286618954995,0.0,0.0,0.0,0.0003442336063268856,0.0,0.026362358073440215,0.010603546932124492,0.9447186077603942,0.0,0.0,1.4249786682612974e-07,0.00010113539451564823,0.0,0.010603546932124492
-28.641554715718556,0.04165988344876463,0.9146037446922041,0.0,0.0,2.137468002391946e-06,0.0009438778467829852,0.0,0.04165988344876463,0.018718584890178597,0.9366017326522582,0.0,0.0,5.699914673045189e-07,0.0002899109638722453,0.0,0.018718584890178597
-28.141554715718556,0.061839193327705565,0.896983759864501,0.0,0.0,2.5835092945505607e-05,0.00242776121832401,0.0,0.061839193327705565,0.030464816977993237,0.9254785510652832,0.0,0.0,5.73701005640564e-06,0.0007726223793089831,0.0,0.030464816977993237
-27.641554715718556,0.08779577440639945,0.877762168417902,0.0,0.0,4.909354087417894e-05,0.005929103242814376,0.0,0.08779577440639945,0.04652514657128607,0.9117007543891809,0.0,0.0,1.5555718231241428e-05,0.0019519063842147733,0.0,0.04652514657128607
-27.141554715718556,0.12161492601243554,0.8514713280410673,0.0,0.0,0.00017047262814916264,0.012564537860293623,0.0,0.12161492601243554,0.06785442705374908,0.8940699325822348,0.0,0.0,4.950774599424782e-05,0.0044419027549083764,0.0,0.06785442705374908
-26.641554715718556,0.1647175586543008,0.8227343467152697,0.0,1.9520394685875064e-06,0.0005125462161428508,0.0253958510103795,0.0,0.1647175586543008,0.09552546716992119,0.8727110695461887,0.0,3.904078937175013e-07,0.000152016989222818,0.0094522262357189,0.0,0.09552546716992119
-26.141554715718556,0.21751001934391975,0.7901213248846654,0.0,2.602719291450009e-06,0.0012953473232721136,0.04645595257740649,0.0,0.21751001934391975,0.13069549434895222,0.847814585584681,0.0,9.109517520075031e-07,0.0004106589602767623,0.0185546411818436,0.0,0.13069549434895222
-25.641554715718556,0.28078522724975347,0.7539919278312707,0.0,1.2362916634387542e-05,0.00319443036966389,0.07644809416162167,0.0,0.28078522724975347,0.1744847011333618,0.819216219178035,0.0,3.3835350788850112e-06,0.0010443780156204393,0.033358707770503135,0.0,0.1744847011333618
-25.141554715718556,0.3549651728219631,0.714712019501013,0.0,4.234094722736026e-05,0.007118438395623317,0.11575870939352245,0.0,0.3549651728219631,0.22791858081647454,0.7866061893946572,0.0,1.1851724524357063e-05,0.0024582469865702668,0.05532462900064474,0.0,0.22791858081647454
-24.641554715718556,0.4374409427183069,0.6745379776513168,0.0,0.00010931421024090036,0.01438621795465715,0.16320783042281742,0.0,0.4374409427183069,0.29108378415764885,0.7512195193167072,0.0,3.371456657253714e-05,0.005301396051871864,0.08545328751314951,0.0,0.29108378415764885
-24.141554715718556,0.5276616849869902,0.6319945738292172,0.0,0.0002824885606049212,0.02642078376230248,0.21628238776574138,0.0,0.5276616849869902,0.3636726094241867,0.7130715647394966,0.0,8.982187079980388e-05,0.01048304356110379,0.12363059486422187,0.0,0.3636726094241867
-23.641554715718556,0.6196214638292593,0.5871116656356967,0.0,0.0006085259106003325,0.044545228344158916,0.26915549898738905,0.0,0.6196214638292593,0.44409489832125465,0.672469632889703,0.0,0.0002110065090615804,0.019133019765281152,0.1681705041462184,0.0,0.44409489832125465
-23.141554715718556,0.7111085500666302,0.5457052892665237,0.0,0.0014420935224284954,0.06986704609400864,0.3180359317103696,0.0,0.7111085500666302,0.53015956288463,0.6308123051767535,0.0,0.000496952630220402,0.032467542910150096,0.21648807165596798,0.0,0.53015956288463
-22.641554715718556,0.7975961797661443,0.5031936426769836,0.0,0.002979883737559076,0.10278765637363171,0.3566808577164972,0.0,0.7975961797661443,0.6186857642734662,0.5885086298119477,0.0,0.001084461188286745,0.05160138650575178,0.26467250132056297,0.0,0.6186857642734662
-22.141554715718556,0.8767067697341863,0.4613958607111907,0.0,0.00598616479540773,0.14385098983931205,0.3812538724452138,0.0,0.8767067697341863,0.7065389296766421,0.5458802064239223,0.0,0.0022598313053201107,0.07749434088268277,0.3082817097250422,0.0,0.7065389296766421
-21.641554715718556,0.949484001687762,0.4211693866388367,0.0,0.011210706886877248,0.19187091599582815,0.3883501988214375,0.0,0.949484001687762,0.7909033930167964,0.5037151689858462,0.0,0.004445474970574576,0.1105843673293879,0.34269527193618143,0.0,0.7909033930167964
-21.141554715718556,1.007650021496363,0.3813111656239995,0.0,0.020198644740114888,0.2418149967309742,0.37561704864537876,0.0,1.007650021496363,0.8685091045502171,0.46255506898350685,0.0,0.008363498736477487,0.15003832100675096,0.3639875818677794,0.0,0.8685091045502171
-20.641554715718556,1.061904330287859,0.34302778563910813,0.0,0.03456101089523161,0.29316493699163326,0.35118614176859875,0.0,1.061904330287859,0.938668260594463,0.4220195682580237,0.0,0.014987282211038112,0.1946978991862759,0.3706176238794252,0.0,0.938668260594463
-20.141554715718556,1.1023484376517994,0.3047535403411407,0.0,0.05549747979573128,0.33909594828102163,0.31257128865863115,0.0,1.1023484376517994,0.9996187121715939,0.38233154779085515,0.0,0.02549080142267255,0.24195955756775386,0.361795710067852,0.0,0.9996187121715939
-19.641554715718556,1.1325206008289237,0.26715341396292974,0.0,0.08522836197474125,0.37521443475692723,0.26833429409156695,0.0,1.1325206008289237,1.0507814783905414,0.34348305844120297,0.0,0.04133924085853925,0.2882322465512769,0.3392117943971226,0.0,1.0507814783905414
-19.141554715718556,1.1556863554319219,0.23220855400779083,0.0,0.12540414764786062,0.40015881178720375,0.22046991304649366,0.0,1.1556863554319219,1.0920219491393734,0.30569089191499377,0.0,0.06417792901073593,0.32988982570955205,0.30563573724213383,0.0,1.0920219491393734
-18.641554715718556,1.1647137533963727,0.19724230446408422,0.0,0.1764944603250074,0.40843354701784607,0.17369780913558205,0.0,1.1647137533963727,1.1234346955193755,0.26887711968301076,0.0,0.09543709212771442,0.3632135357669264,0.26525188934017446,0.0,1.1234346955193755
-18.141554715718556,1.1672834249703623,0.16546296842068078,0.0,0.23740408869148963,0.40248848422522326,0.13230444183526474,0.0,1.1672834249703623,1.144510514455876,0.2333641562393253,0.0,0.13600570768696602,0.3850782452136444,0.22147554935350772,0.0,1.144510514455876
-17.641554715718556,1.1554360115251,0.13583217023601674,0.0,0.3045994559634899,0.37993660598397544,0.09729556073021717,0.0,1.1554360115251,1.1551280292305361,0.19957988221830048,0.0,0.18582610292051777,0.3932463767542352,0.17842040376782492,0.0,1.1551280292305361
-17.141554715718556,1.1371757224145156,0.10993251479993604,0.0,0.38017847500528673,0.34411212249243645,0.06922652919112607,0.0,1.1371757224145156,1.1560590535476545,0.16813570238570172,0.0,0.24481612552662685,0.387025914301337,0.13859885078773676,0.0,1.1560590535476545
-16.641554715718556,1.110770486489924,0.08673849743166316,0.0,0.45709935188827117,0.3020854846664226,0.0461250781569136,0.0,1.110770486489924,1.1470758797592548,0.1390416910704762,0.0,0.31115516637470897,0.36741124887718074,0.10372988380982073,0.0,1.1470758797592548
-16.141554715718556,1.078578562332358,0.06811235040913714,0.0,0.5329554788447908,0.25317875945336016,0.0302998618610841,0.0,1.078578562332358,1.1298488415464518,0.11321570025948677,0.0,0.38244737007866564,0.33636029136428364,0.07505029435492114,0.0,1.1298488415464518
-15.641554715718556,1.0459799461157113,0.05199106465512229,0.0,0.6060703902714732,0.20438024866452414,0.01932754728228164,0.0,1.0459799461157113,1.105588145775522,0.09052131950637507,0.0,0.45618063039466233,0.29673864425214375,0.05245491544432451,0.0,1.105588145775522
-15.141554715718556,1.0147748754100951,0.03896253103733517,0.0,0.6705661511431467,0.15926148533991077,0.01163094643613548,0.0,1.0147748754100951,1.0774559185525208,0.07114739166663876,0.0,0.5293739694305938,0.2526036201233309,0.03532199258550818,0.0,1.0774559185525208
-14.641554715718556,0.9856254900488576,0.028951335422879875,0.0,0.7264841559564688,0.11893789888708657,0.006750658478100778,0.0,0.9856254900488576,1.0471458720793891,0.05495115579122752,0.0,0.5986351056208301,0.20756877540226082,0.02282681844290312,0.0,1.0471458720793891
-14.141554715718556,0.9618352170716722,0.021034440722347347,0.0,0.7728080822536814,0.08606099678245235,0.0037700821669730358,0.0,0.9618352170716722,1.017358818195739,0.041810344449364364,0.0,0.6617768516939122,0.16436387782546683,0.014355819244915006,0.0,1.017358818195739
-13.641554715718556,0.9431093706291047,0.014839327867397658,0.0,0.8098565361355466,0.06025708425673047,0.0019448545088683977,0.0,0.9431093706291047,0.9902649798550881,0.031155739941016468,0.0,0.7171570631520634,0.12577954278614087,0.008684817774471868,0.0,0.9902649798550881
-13.141554715718556,0.9268456300338662,0.010231780627431707,0.0,0.8363866340599474,0.04026140858325528,0.0009672651194114646,0.0,0.9268456300338662,0.966438116638719,0.02280388313547835,0.0,0.7632203119097583,0.09295577476988709,0.005012761341897831,0.0,0.966438116638719
-12.641554715718556,0.9146766990321502,0.006939698063311033,0.0,0.8556908114360905,0.02576306529232047,0.0004898852043148849,0.0,0.9146766990321502,0.9464184813631302,0.016399316540673524,0.0,0.800245243968347,0.06625609076036904,0.0027845490955337123,0.0,0.9464184813631302
-12.141554715718556,0.9052188315020434,0.004478423370687707,0.0,0.86811558878137,0.01594231667986347,0.00019806416240297046,0.0,0.9052188315020434,0.9303371496537673,0.01150473413023509,0.0,0.8285715305333271,0.04565697431892441,0.0014740302323941507,0.0,0.9303371496537673
-11.641554715718556,0.8976734569688227,0.0028952128676521284,0.0,0.8753169400156277,0.009507425532412522,7.412669694933242e-05,0.0,0.8976734569688227,0.9175047976331975,0.007876888559296047,0.0,0.8490733020857164,0.030346260068916442,0.00073483913838941,0.0,0.9175047976331975
-11.141554715718556,0.8911232845922891,0.0017428356528586596,0.0,0.8778750360913833,0.005381504405062864,4.024672770710794e-05,0.0,0.8911232845922891,0.9071075804258344,0.005257590116388247,0.0,0.8626770020768838,0.01937114409858292,0.00035391758215715205,0.0,0.9071075804258344
-10.641554715718556,0.8847578167361195,0.0010111229199626238,0.0,0.8776570198708183,0.003012438064579786,7.0336022567217276e-06,0.0,0.8847578167361195,0.898690017766285,0.0034134585748944305,0.0,0.8709310792390579,0.011921349994847823,0.00016187127872620348,0.0,0.898690017766285
-10.141554715718556,0.8806154327719571,0.0006087424639478686,0.0,0.8766995643024666,0.0015900417903998458,3.5624466706532433e-06,0.0,0.8806154327719571,0.8918777645142464,0.002147267455021797,0.0,0.8751328298123331,0.0070867452944636975,6.460672719735715e-05,0.0,0.8918777645142464
-9.641554715718556,0.8742220457532738,0.00036108285627450024,0.0,0.8722905153211902,0.0007474191798521065,1.4249786682612974e-06,0.0,0.8742220457532738,0.8856784073644924,0.0013237993521391562,0.0,0.8759678151202973,0.004047765794461425,2.5278890450415325e-05,0.0,0.8856784073644924
-9.141554715718556,0.867632330435183,0.00018706365315367354,0.0,0.8668312853488583,0.00032639134958090983,0.0,0.0,0.867632330435183,0.8796701820577646,0.0007821695092394651,0.0,0.8742706841869433,0.0022115589578951024,1.0453551060548843e-05,0.0,0.8796701820577646
-8.641554715718556,0.8612746687773138,0.00011759695387631557,0.0,0.8610163232288988,0.00013243359566500153,0.0,0.0,0.8612746687773138,0.8737004588947694,0.0004571217694429964,0.0,0.8708989416144466,0.0011617447960155301,2.4042055191272536e-06,0.0,0.8737004588947694
-8.141554715718556,0.8521732559484902,5.4526404359923033e-05,0.0,0.8523623840894959,5.57226209100237e-05,0.0,0.0,0.8521732559484902,0.8671835467372435,0.0002658024663224562,0.0,0.8658400144581819,0.0005704017072815775,9.974850677829082e-07,0.0,0.8671835467372435
-7.641554715718556,0.8466492217222584,4.608829047306756e-05,0.0,0.8466936403379316,1.7730320756669277e-05,0.0,0.0,0.8466492217222584,0.8603903045273039,0.00015327163162749598,0.0,0.859838829665275,0.0002559394133529422,2.8499573365225947e-07,0.0,0.8603903045273039
-7.141554715718556,0.8351724983461363,2.7681052761481275e-05,0.0,0.8356823744619216,6.236733201399708e-06,0.0,0.0,0.8351724983461363,0.8525803950458763,8.65912709248922e-05,0.0,0.8525172014934211,0.0001077029240228008,0.0,0.0,0.8525803950458763
-6.641554715718556,0.8214514321516622,2.9902570934178555e-05,0.0,0.8220959727719751,2.849957336522595e-06,0.0,4.488851170180805e-08,0.8214514321516622,0.8433442153891721,5.515905448099319e-05,0.0,0.8435701389780446,4.299464557392336e-05,0.0,8.97770234036161e-09,0.8433442153891721
-6.141554715718556,0.8049395197644986,2.327145122159196e-05,0.0,0.8052512157766657,0.0,0.0,1.3466553510542413e-07,0.8049395197644986,0.8320771855866091,3.6293953950048484e-05,0.0,0.8324171174875981,1.6507926440923058e-05,0.0,3.591080936144644e-08,0.8320771855866091
-5.641554715718556,0.782982063303088,2.612140855811455e-05,0.0,0.7836285627325004,0.0,0.0,3.1421958191265633e-07,0.782982063303088,0.8182389470575286,3.0612954789686784e-05,0.0,0.8186703532161989,5.3634022589183155e-06,0.0,9.87547257439777e-08,0.8182389470575286
-5.141554715718556,0.7533815088562944,3.1731546207756127e-05,0.0,0.753809322295581,5.348768759870176e-07,0.0,3.886374195883905e-06,0.7533815088562944,0.7995854044843359,2.7741605936624495e-05,0.0,0.8000934896077287,1.924313482781864e-06,0.0,8.760295649207587e-07,0.7995854044843359
-4.641554715718556,0.7192592128585462,3.1063945385327284e-05,0.0,0.7198323119890009,5.348768759870176e-07,0.0,6.037237493136013e-06,0.7192592128585462,0.7764027473868179,2.8418184461393694e-05,0.0,0.7769234771131447,7.83942217699326e-07,0.0,2.0834770635479617e-06,0.7764027473868179
-4.141554715718556,0.6818486889855679,2.8971365894637147e-05,0.0,0.681817570492396,3.209261255922106e-06,0.0,2.4952623257227577e-05,0.6818486889855679,0.748482198753599,2.823194345348541e-05,0.0,0.7488677966572288,8.558030015792282e-07,0.0,7.065024012653115e-06,0.748482198753599
-3.6415547157185557,0.6436268106604409,2.5683977147293033e-05,0.0,0.6433221254781503,9.0929068917793e-06,0.0,4.898151409089058e-05,0.6436268106604409,0.7162196569327876,2.871444863862563e-05,0.0,0.7164819785975257,2.6743843799350883e-06,0.0,1.683439372381015e-05,0.7162196569327876
-3.1415547157185557,0.6096403233773858,4.064052631093838e-05,0.0,0.6090271487930523,1.81858137835586e-05,0.0,0.00011025384053617852,0.6096403233773858,0.681551308947647,3.161827218919039e-05,0.0,0.6815616958096361,6.311547136646808e-06,0.0,3.882231791466332e-05,0.681551308947647
-2.6415547157185557,0.5871238379355898,4.18019007620871e-05,0.0,0.5862293238350094,3.904601194705228e-05,0.0,0.00022434106156615544,0.5871238379355898,0.6482997747635062,3.363234310005659e-05,0.0,0.6480456961175218,1.4013774150859861e-05,0.0,8.291325538871763e-05,0.6482997747635062
-2.1415547157185557,0.5755883684711666,3.84638966499429e-05,0.0,0.5747107823883626,6.846424012633825e-05,0.0,0.00041810346407340857,0.5755883684711666,0.6195656058860302,3.511233335297971e-05,0.0,0.6190213901973941,2.7599646800930104e-05,0.0,0.00016532650070477214,0.6195656058860302
-1.6415547157185557,0.579967092533252,3.227020834817782e-05,0.0,0.5790095840340639,0.00011178926708128669,0.0,0.0007494651277862493,0.579967092533252,0.599189286595567,3.577210184368784e-05,0.0,0.5984597929057276,4.931564796600302e-05,0.0,0.0003102290016105765,0.599189286595567
-1.1415547157185557,0.5987228732039234,3.637131715925277e-05,0.0,0.5978877634930633,0.00019041616785137825,0.0,0.0012577559712058483,0.5987228732039234,0.5902084991042635,3.7909569846079794e-05,0.0,0.5893729205087104,8.558030015792281e-05,0.0,0.000551983893033568,0.5902084991042635
-0.6415547157185557,0.627799123905033,3.6012209065638296e-05,0.0,0.627172205039599,0.0002711825761254179,0.0,0.0020188173224788023,0.627799123905033,0.593840259209793,3.698390639701977e-05,0.0,0.5930019317580196,0.00013617965262629467,0.0,0.0009336965894220928,0.593840259209793
-0.1415547157185557,0.6621434434969707,2.8348653583910114e-05,0.0,0.6618037890743104,0.0004284363776656011,0.0,0.0031038002615136136,0.6621434434969707,0.6088441803220691,3.4293256961384386e-05,0.0,0.6081168248058798,0.00021405772577000443,0.0,0.0015095884294115843,0.6088441803220691
0.3584452842814443,0.6991461495004029,2.9549189693662374e-05,0.0,0.6989696689081275,0.0005626904735383426,0.0,0.004607107791190678,0.6991461495004029,0.6335557365279164,3.2510315570128275e-05,0.0,0.6329686021098329,0.00031290297245240527,0.0,0.002347389294835038,0.6335557365279164
0.8584452842814443,0.7326680032653277,2.7495771861575764e-05,0.0,0.7326159434390953,0.0007220837825824739,0.0,0.0064211249821402765,0.7326680032653277,0.6640959186743316,3.155542827280786e-05,0.0,0.6636898739908391,0.00043496187555264274,0.0,0.0034817212657058437,0.6640959186743316
1.3584452842814443,0.7627526732900344,2.0376605373367557e-05,0.0,0.7629344126086378,0.0008650735209291511,0.0,0.008425858322738934,0.7627526732900344,0.6969018786915537,2.835648591563082e-05,0.0,0.696699203813954,0.0005698933461681973,0.0,0.004915341736012461,0.6969018786915537
1.8584452842814443,0.78721538887042,2.522363832407839e-05,0.0,0.7877128060212437,0.0009590342386447226,0.0,0.010725892502322538,0.78721538887042,0.7287851316846311,2.6198771767318837e-05,0.0,0.7288073240102829,0.0007074636786720582,0.0,0.006656756771981208,0.7287851316846311
2.3584452842814443,0.8055283071024065,2.3894163532318992e-05,0.0,0.805573001710902,0.001071801345071983,0.0,0.012991375923318019,0.8055283071024065,0.7574621044057184,2.5307873757000617e-05,0.0,0.7575611665376012,0.0008361366721533345,0.0,0.00863427190434209,0.7574621044057184
2.8584452842814443,0.821258539451382,2.9998074810680457e-05,0.0,0.8215850889722468,0.0010582946597402355,0.0,0.015385651906129092,0.821258539451382,0.7818845823959141,2.539765078040423e-05,0.0,0.7820842505504251,0.0009352575093937133,0.0,0.01078998072732977,0.7818845823959141
3.3584452842814443,0.8315744037849803,3.6242378477245614e-05,0.0,0.8317393820818576,0.0010459394450586818,0.0,0.017425754009679148,0.8315744037849803,0.8016658624998447,2.71469721035382e-05,0.0,0.8019089382789776,0.0010000286418889548,0.0,0.012990906532837545,0.8016658624998447
3.8584452842814443,0.8400542234079845,5.772974293696182e-05,0.0,0.8401593236057413,0.0010097796317236124,0.0,0.01921691423326151,0.8400542234079845,0.8171261725234347,3.461759961625705e-05,0.0,0.8173539204783982,0.001028969864047847,0.0,0.015149117714942062,0.8171261725234347
4.358445284281444,0.8485706681488128,9.783733396057677e-05,0.0,0.8485859243463693,0.0009612193237826069,7.124893341306487e-07,0.020890910554629157,0.8485706681488128,0.8293972283791133,4.914033874355673e-05,0.0,0.8295285441434235,0.001029406881075424,1.4249786682612974e-07,0.017182121325403386,0.8293972283791133
4.858445284281444,0.8546256606259673,0.00015380017069495768,0.0,0.8542958397602332,0.0009890069990708221,0.0,0.022344394467649225,0.8546256606259673,0.8392166990838253,7.512154017608446e-05,0.0,0.8392731117532897,0.0010128480118751918,1.4249786682612974e-07,0.019052725034269625,0.8392166990838253
5.358445284281444,0.8592668038072229,0.00027269889141062564,0.0,0.858042491241711,0.0011768004044870623,3.5624466706532433e-06,0.02357628143591014,0.8592668038072229,0.8468183519549936,0.0001236617034960735,0.0,0.8465645922071824,0.0010365491608245571,8.549872009567784e-07,0.020690850940225835,0.8468183519549936
5.858445284281444,0.8657940617442713,0.0004939400515032616,0.0,0.8636389937609468,0.0015079705133790504,8.412935382690647e-06,0.024890538363122088,0.8657940617442713,0.8536622835468517,0.00021520123810127675,0.0,0.8529445145430004,0.0011289553744886307,2.5375742774949076e-06,0.022183807810914426,0.8536622835468517
6.358445284281444,0.8698117596538781,0.0008792466188251195,0.0,0.865650027307226,0.0022714543048685696,2.1904587188880593e-05,0.026201634217632275,0.8698117596538781,0.8596137907960305,0.00037950461327890825,0.0,0.8580426552832972,0.0013812903091176222,6.918491715271027e-06,0.023580751807788576,0.8596137907960305
6.858445284281444,0.876299453680594,0.0013899273062539024,0.0,0.8686066146259953,0.0037297992672578406,4.038366433398508e-05,0.027236770096163092,0.876299453680594,0.8651595479023868,0.0006379226077375735,0.0,0.8620467933392224,0.0019350062978126692,1.4852726715241914e-05,0.024849923716095363,0.8651595479023868
7.358445284281444,0.8810338953608888,0.002220672182367169,0.0,0.8671099277894513,0.0064761320998687885,8.249398678973068e-05,0.027535039465682223,0.8810338953608888,0.8704411948493711,0.0010512970100720158,0.0,0.864609610945066,0.003032431317972262,3.135152407318805e-05,0.025888052715701965,0.8704411948493711
7.858445284281444,0.887812882598037,0.003377465651866709,0.0,0.864045817444361,0.010791552960124294,0.0001977446436069238,0.027631612565388788,0.887812882598037,0.876150410607534,0.0016722503621632323,0.0,0.8658102761855961,0.004955381829099709,7.018796346044216e-05,0.026699118941597693,0.876150410607534
8.358445284281444,0.8957082118126544,0.005086663386239912,0.0,0.8566570011108905,0.017743776949951044,0.00033882749862198977,0.026970197569457385,0.8957082118126544,0.8821332406212103,0.0025907950291105624,0.0,0.8644138776555848,0.008202543116414107,0.00013627087610830198,0.027115050782864754,0.8821332406212103
8.858445284281444,0.9041264019828046,0.007781308907169982,0.0,0.8419847520021121,0.028040881607759874,0.0006738821622044119,0.026177586422602924,0.9041264019828046,0.8889961690869959,0.003971207486779535,0.0,0.859680822594562,0.013356428576992369,0.0002666663911114082,0.027110241223858883,0.8889961690869959
9.358445284281444,0.9170779796992631,0.011418411819855177,0.0,0.8226389232321952,0.04315095608346389,0.0012901817524857684,0.02465748444036598,0.9170779796992631,0.8971518742907296,0.00597690438949979,0.0,0.850487284315802,0.021240659940233577,0.000516626008741765,0.026594384092699458,0.8971518742907296
9.858445284281444,0.9328573370209137,0.016336793226679743,0.0,0.7947528175459042,0.06361838700330373,0.0024069883078372822,0.02299339489222861,0.9328573370209137,0.9075165626227346,0.008800128598362305,0.0,0.8360158622670927,0.03266911092092056,0.0009815248729512752,0.02568605517800874,0.9075165626227346
10.358445284281444,0.953910467367005,0.02299718915579456,0.0,0.7580362650175507,0.09074050498484114,0.00427536826338504,0.020940990552086324,0.953910467367005,0.9207360795765283,0.012724073299147876,0.0,0.8148139517817305,0.04865890132586394,0.0017970495969068987,0.02434793077534824,0.9207360795765283
10.858445284281444,0.9787168741803366,0.031242615719477,0.0,0.7112583709517217,0.12470725908080374,0.007558701117862514,0.018523182476051916,0.9787168741803366,0.9373378120500646,0.017955263765795294,0.0,0.7857342257498968,0.07005159775203447,0.003241024320755003,0.02265852775666715,0.9373378120500646
11.358445284281444,1.006996077153251,0.041655567056035576,0.0,0.6546453195241352,0.16496260619926711,0.012644581069036775,0.015849226529781938,1.006996077153251,0.9579117470841538,0.024730115395568412,0.0,0.7482663392543014,0.09743594267033592,0.005635164102121476,0.020592855778102954,0.9579117470841538
11.858445284281444,1.0407868151742938,0.054943825101699914,0.0,0.5903307597361077,0.21087057206796606,0.020713351603396837,0.013187876965424136,1.0407868151742938,0.98265351417916,0.033435198051937357,0.0,0.7018047065550839,0.13097986586723637,0.00951979807230369,0.018298934283114583,0.98265351417916
12.358445284281444,1.0736764667702474,0.07131338711089658,0.0,0.5187404773186864,0.2588058557159594,0.03251762181301078,0.010627405306898811,1.0736764667702474,1.0108173401290268,0.04443051682878072,0.0,0.6466022385096404,0.17001735960976747,0.015541924773338388,0.015825736366048622,1.0108173401290268
12.858445284281444,1.1064939633306574,0.09090868570658013,0.0,0.44287272375772735,0.30795202102781766,0.04899958903708416,0.008345988441400554,1.1064939633306574,1.0413340393217572,0.05801281613893784,0.0,0.5835695302576757,0.2134596628183628,0.02448676892807821,0.013306735943911472,1.0413340393217572
13.358445284281444,1.134496700973508,0.113953809984579,0.0,0.36684098760566336,0.3502553309455163,0.0718484489889303,0.00642891281735653,1.134496700973508,1.0724900046803916,0.07455505499195823,0.0,0.514686053588464,0.2585692771913053,0.03734471850229178,0.010887882012172393,1.0724900046803916
13.858445284281444,1.1558510442460044,0.1397269210823601,0.0,0.29398602245270383,0.38545685080136677,0.10162932740717302,0.004805541916168044,1.1558510442460044,1.1022609980989422,0.09416932579722315,0.0,0.4425541941741777,0.3026681261117252,0.05514166776991902,0.008679145089449615,1.1022609980989422
14.358445284281444,1.1638042139367173,0.16965720329358838,0.0,0.2265983384481393,0.4047602393385856,0.13797290196156106,0.0035118240125211844,1.1638042139367173,1.1268644778514267,0.11711200143560083,0.0,0.36980770991658407,0.34144605956584917,0.07859357784155188,0.006743934498869024,1.1268644778514267
14.858445284281444,1.1646622514152332,0.2016690796026247,0.0,0.16802315436601198,0.41175768988141337,0.1799722849545451,0.00246721640910892,1.1646622514152332,1.145061634780424,0.14318313993394646,0.0,0.2996642453260492,0.37203642639893997,0.10808451046985872,0.005111896719311046,1.145061634780424
15.358445284281444,1.1520932250074882,0.2364221127528549,0.0,0.11880873245732361,0.3988854460813229,0.22773221441261415,0.0017704657799217974,1.1520932250074882,1.1541814871157903,0.17228582534320142,0.0,0.2348514470659684,0.390223111409641,0.14383103554496474,0.003796792187015295,1.1541814871157903
15.858445284281444,1.1282185889227485,0.2729575173879707,0.0,0.08020511768479804,0.3728595528196534,0.274327820380169,0.0011778233436824223,1.1282185889227485,1.1529258647056384,0.20408656682387977,0.0,0.17752427308179536,0.3947439557844684,0.18432690982321248,0.0027465742922804736,1.1529258647056384
16.358445284281444,1.0956193648165309,0.31076229293811464,0.0,0.05150017449403235,0.33420118865851256,0.31844345724960393,0.0007720434958348848,1.0956193648165309,1.1408795288197435,0.23829364119503066,0.0,0.12902710349006105,0.38449282335589763,0.22768973579169866,0.001939874608213842,1.1408795288197435
16.858445284281444,1.0536627978224171,0.3489429767644393,0.0,0.03171122424861435,0.28655953704971593,0.35523172958517096,0.0005347430826007566,1.0536627978224171,1.1188512455968838,0.2741507958892009,0.0,0.09004968065015606,0.3608526828981236,0.2711415013164206,0.0013444584222297563,1.1188512455968838
17.358445284281444,0.9989717323672948,0.38905894812039205,0.0,0.018200874591517122,0.23548052024817223,0.3777573198751972,0.0002587079584657586,0.9989717323672948,1.0857131417872958,0.3116287695927543,0.0,0.06008522469525709,0.3255972489714754,0.31069850830055107,0.0009027567321011239,1.0857131417872958
17.858445284281444,0.9376458591326488,0.428388865369574,0.0,0.010063328508019474,0.18498633844558507,0.3861688886397203,0.0002054235611723764,0.9376458591326488,1.042823668612328,0.3500221201160981,0.0,0.03833614390539626,0.28281742744432786,0.34238584314597226,0.0005897482883512398,1.042823668612328
18.358445284281444,0.8662288052434448,0.46849911618155105,0.0,0.005355098884713697,0.13811602810354534,0.376708448191105,0.0001123142944957444,0.8662288052434448,0.9904257118764672,0.3891304398748142,0.0,0.0233661401453794,0.2358687225011062,0.36286196870815945,0.0003766464785139042,0.9904257118764672
18.858445284281444,0.785708981529129,0.5083835984904107,0.0,0.002628750426919813,0.09826456162437289,0.3495537341754613,8.26880509071586e-05,0.785708981529129,0.928443635218987,0.4286547009852734,0.0,0.013591855331956889,0.18868139709427828,0.36908402409333096,0.00023877538952835894,0.928443635218987
19.358445284281444,0.6996390353927412,0.5496068651882465,0.0,0.0012738947594961906,0.06695508805975661,0.309312350977998,9.418071703861797e-05,0.6996390353927412,0.8576388827330517,0.4687874786700349,0.0,0.007504389434133259,0.14476050729628645,0.3599001483718964,0.00015066291641593118,0.8576388827330517
19.858445284281444,0.6093286063268221,0.5918140212926981,0.0,0.0005761321956811002,0.042630171785380644,0.2613481112857152,7.328269272098208e-05,0.6093286063268221,0.7797102575249572,0.5093384933044961,0.0,0.003979440954966055,0.10619043760372811,0.33661830665399994,0.0001135778632669759,0.7797102575249572
20.358445284281444,0.5178426387556513,0.6361563929689935,0.0,0.0002493038896389336,0.025227658709368612,0.2081848002335919,6.99393315037858e-05,0.5178426387556513,0.6957496134495578,0.5508919988243799,0.0,0.002016636031289947,0.07423870165648482,0.30102148897277425,8.648101733325777e-05,0.6957496134495578
20.858445284281444,0.42974936814553866,0.6774250573615331,0.0,9.499925413792533e-05,0.013879685161817819,0.15694775179902312,8.4762065552832e-05,0.42974936814553866,0.6084537260299764,0.5926771870603764,0.0,0.0009646161051747925,0.04939143306813931,0.2570693496943579,8.09705715446753e-05,0.6084537260299764
21.358445284281444,0.34790576651762656,0.7189143730482962,0.0,4.424622795465015e-05,0.00696850083529256,0.11182164500471,7.773367851665365e-05,0.34790576651762656,0.520893083027676,0.6347833419719535,0.0,0.00044771526538176,0.03113222091032325,0.20952293186020765,7.997969706657429e-05,0.520893083027676
21.858445284281444,0.273443677131521,0.7579430835773246,0.0,1.3664276280112545e-05,0.003172592856225164,0.07305856312830383,6.696353967538224e-05,0.273443677131521,0.43565401137543186,0.6764505856497691,0.0,0.00019566916873854436,0.01837572186961696,0.1622721742902688,7.453626159392715e-05,0.43565401137543186
22.358445284281444,0.21178205221882465,0.7947750680485854,0.0,2.602719291450009e-06,0.001334208269192511,0.044760979813936425,6.56572660240762e-05,0.21178205221882465,0.3561447005538324,0.7170427950009466,0.0,8.096327346061432e-05,0.010116529166379333,0.11895474799591303,7.301117625454597e-05,0.3561447005538324
22.858445284281444,0.15880468887965093,0.8245369116276696,0.0,1.3013596457250045e-06,0.0005199387925451224,0.024739858722014087,6.457468740849556e-05,0.15880468887965093,0.28433711057863237,0.7547188987326818,0.0,3.136276746197261e-05,0.0051749851830146356,0.08226575969359748,7.193824743548794e-05,0.28433711057863237
23.358445284281444,0.11737576577617176,0.8565712554379185,0.0,0.0,0.00020257186795238823,0.01251984358126976,5.354945402840098e-05,0.11737576577617176,0.221862390104759,0.7905481383479589,0.0,1.236291663438754e-05,0.002439562524241549,0.05338017805004682,6.569572513060172e-05,0.221862390104759
23.858445284281444,0.0845743156576883,0.8796993133005601,0.0,0.0,5.7725521178720915e-05,0.005825087672516651,3.691170137531996e-05,0.0845743156576883,0.16919609993277132,0.8227051263984115,0.0,3.5136710434575117e-06,0.0010574074614187812,0.03218086658360815,5.7531329702334995e-05,0.16919609993277132
24.358445284281444,0.05937906458765824,0.8986121988666121,0.0,0.0,1.7552806147714268e-05,0.002554759029483085,3.499409361443736e-05,0.05937906458765824,0.1263831774239988,0.8508389494562693,0.0,7.808157874350028e-07,0.00042639945140329137,0.018080105763844,5.113744049014601e-05,0.1263831774239988
24.858445284281444,0.039893957929951235,0.9180282266412549,0.0,0.0,7.839422176993259e-06,0.0009992972388757511,2.9244775076105663e-05,0.039893957929951235,0.0920055585662241,0.875489581174803,0.0,2.602719291450009e-07,0.00016112568200018782,0.009327769248831868,4.385494230055191e-05,0.0920055585662241
25.358445284281444,0.025416848308591606,0.9306074883137891,0.0,0.0,3.386873714065737e-06,0.00036390943442878953,1.935037227236203e-05,0.025416848308591606,0.06532799045201224,0.896703696512027,0.0,0.0,5.781529823397648e-05,0.004452579391314808,3.4810079273325196e-05,0.06532799045201224
25.858445284281444,0.014654670117931744,0.9393523618081997,0.0,0.0,4.2790150078961405e-06,0.00012864105068160077,2.0821072157838877e-05,0.014654670117931744,0.04478377132036422,0.9132599177860833,0.0,0.0,1.8156727645078062e-05,0.0019743388851971755,2.8264402899212778e-05,0.04478377132036422
26.358445284281444,0.007377715751683153,0.9491465472363686,0.0,0.0,3.7441381319091232e-06,3.477504074552465e-05,1.0701322784175033e-05,0.007377715751683153,0.029344451339163198,0.9271493645732448,0.0,0.0,7.360451035715706e-06,0.0008162763588429503,2.3022327180983794e-05,0.029344451339163198
26.858445284281444,0.0031395168520580224,0.9530614841811619,0.0,0.0,3.209261255922106e-06,8.549872009567784e-06,1.4714791986295002e-05,0.0031395168520580224,0.018096541792043154,0.9380392216361549,0.0,0.0,4.491742057357273e-06,0.00030703452734824675,1.8966466855355323e-05,0.018096541792043154
27.358445284281444,0.0011121421854367632,0.9562439496695107,0.0,0.0,5.348768759870176e-06,0.0,1.1550419242074705e-05,0.0011121421854367632,0.010340178643140258,0.945682366241806,0.0,0.0,3.993611373932657e-06,0.00010717507957309656,1.542759568854913e-05,0.010340178643140258
27.858445284281444,0.00032076938609874655,0.9579969895851203,0.0,0.0,3.7441381319091232e-06,7.124893341306487e-07,9.186469179617595e-06,0.00032076938609874655,0.005320962858641686,0.9511602664960723,0.0,0.0,4.065064257501334e-06,3.453569055416477e-05,1.3394815070000241e-05,0.005320962858641686
28.358445284281444,9.14992524481056e-05,0.9605305121306802,0.0,0.0,3.209261255922106e-06,0.0,7.982049892538134e-06,9.14992524481056e-05,0.002408328685544958,0.9553958965605682,0.0,0.0,3.8511135071065265e-06,8.807480417844616e-06,1.0827010616940093e-05,0.002408328685544958
28.858445284281444,2.0755814908434098e-05,0.9575122368514123,0.0,0.0,3.209261255922106e-06,0.0,6.867407628862291e-06,2.0755814908434098e-05,0.0009369366981900144,0.9570690344835769,0.0,0.0,3.7441381319091236e-06,1.8524722687396866e-06,1.0060227585877546e-05,0.0009369366981900144
29.358445284281444,2.0086272492033e-06,0.958980383027532,0.0,0.0,1.604630627961053e-06,0.0,4.28280027233082e-06,2.0086272492033e-06,0.0003094350532282505,0.958252814252851,0.0,0.0,3.423212006316913e-06,1.4249786682612974e-07,7.97382924308471e-06,0.0003094350532282505
29.858445284281444,6.695424164011e-07,0.9579148322364399,0.0,0.0,0.0,0.0,4.039966053162724e-07,6.695424164011e-07,8.714052462417813e-05,0.9585869907662369,0.0,0.0,2.3534582543428776e-06,1.4249786682612974e-07,5.744544715733023e-06,8.714052462417813e-05
30.358445284281444,0.0,0.9589290765539445,0.0,0.0,0.0,0.0,2.6933107021084827e-07,0.0,2.298664740442882e-05,0.9587734081600019,0.0,0.0,1.6046306279610532e-06,0.0,3.961117093851673e-06,2.298664740442882e-05
30.858445284281444,0.0,0.958349714084062,0.0,0.0,0.0,0.0,0.0,0.0,4.6867969148077e-06,0.958337248550678,0.0,0.0,9.62778376776632e-07,0.0,2.3647071153440462e-06,4.6867969148077e-06
31.358445284281444,0.0,0.9583069640481158,0.0,0.0,0.0,0.0,0.0,0.0,5.3563393312088e-07,0.9584961939900187,0.0,0.0,3.209261255922106e-07,0.0,9.91225589571588e-07,5.3563393312088e-07
31.858445284281444,0.0,0.958907245578299,0.0,0.0,0.0,0.0,0.0,0.0,1.3390848328022e-07,0.9584815665001722,0.0,0.0,0.0,0.0,1.3466553510542413e-07,1.3390848328022e-07
32.358445284281444,0.0,0.9580925537777902,0.0,0.0,0.0,0.0,0.0,0.0,0.0,0.9585171108084424,0.0,0.0,0.0,0.0,5.386621404216965e-08,0.0
32.858445284281444,0.0,0.9589459078932066,0.0,0.0,0.0,0.0,0.0,0.0,0.0,0.9585204770762947,0.0,0.0,0.0,0.0,0.0,0.0
33.358445284281444,0.0,0.9581570245459363,0.0,0.0,0.0,0.0,0.0,0.0,0.0,0.9584819391686695,0.0,0.0,0.0,0.0,0.0,0.0
33.858445284281444,0.0,0.9585811873023924,0.0,0.0,0.0,0.0,0.0,0.0,0.0,0.958536783819525,0.0,0.0,0.0,0.0,0.0,0.0
34.358445284281444,0.0,0.9574325008784934,0.0,0.0,0.0,0.0,0.0,0.0,0.0,0.9582418348795638,0.0,0.0,0.0,0.0,0.0,0.0
34.858445284281444,0.0,0.9585779337678398,0.0,0.0,0.0,0.0,0.0,0.0,0.0,0.9583389108775737,0.0,0.0,0.0,0.0,0.0,0.0
35.358445284281444,0.0,0.9584452799603834,0.0,0.0,0.0,0.0,0.0,0.0,0.0,0.958238785291009,0.0,0.0,0.0,0.0,0.0,0.0
35.858445284281444,0.0,0.9595479740170753,0.0,0.0,0.0,0.0,0.0,0.0,0.0,0.9585169751852369,0.0,0.0,0.0,0.0,0.0,0.0
36.358445284281444,0.0,0.9589228417699178,0.0,0.0,0.0,0.0,0.0,0.0,0.0,0.9585853060787419,0.0,0.0,0.0,0.0,0.0,0.0
36.858445284281444,0.0,0.9577277050870728,0.0,0.0,0.0,0.0,0.0,0.0,0.0,0.9586443469204579,0.0,0.0,0.0,0.0,0.0,0.0
37.358445284281444,0.0,0.9583464068233506,0.0,0.0,0.0,0.0,0.0,0.0,0.0,0.95859804153156,0.0,0.0,0.0,0.0,0.0,0.0
37.858445284281444,0.0,0.9581169812145589,0.0,0.0,0.0,0.0,0.0,0.0,0.0,0.9585323817823952,0.0,0.0,0.0,0.0,0.0,0.0
38.358445284281444,0.0,0.9604053793018363,0.0,0.0,0.0,0.0,0.0,0.0,0.0,0.9587038628393472,0.0,0.0,0.0,0.0,0.0,0.0
38.858445284281444,0.0,0.9593695929613058,0.0,0.0,0.0,0.0,0.0,0.0,0.0,0.9587932130776249,0.0,0.0,0.0,0.0,0.0,0.0
39.358445284281444,0.0,0.9594423307136439,0.0,0.0,0.0,0.0,0.0,0.0,0.0,0.9591361382029391,0.0,0.0,0.0,0.0,0.0,0.0
39.858445284281444,0.0,0.9579659130968354,0.0,0.0,0.0,0.0,0.0,0.0,0.0,0.9590600394576361,0.0,0.0,0.0,0.0,0.0,0.0
40.358445284281444,0.0,0.958268491144844,0.0,0.0,0.0,0.0,0.0,0.0,0.0,0.959090341443693,0.0,0.0,0.0,0.0,0.0,0.0
40.858445284281444,0.0,0.9590300618981118,0.0,0.0,0.0,0.0,0.0,0.0,0.0,0.9588152779629482,0.0,0.0,0.0,0.0,0.0,0.0
41.358445284281444,0.0,0.9591903150677094,0.0,0.0,0.0,0.0,0.0,0.0,0.0,0.958779422384229,0.0,0.0,0.0,0.0,0.0,0.0
41.858445284281444,0.0,0.9593710886023717,0.0,0.0,0.0,0.0,0.0,0.0,0.0,0.9587651739619745,0.0,0.0,0.0,0.0,0.0,0.0
42.358445284281444,0.0,0.9586106132802573,0.0,0.0,0.0,0.0,0.0,0.0,0.0,0.9588941139986588,0.0,0.0,0.0,0.0,0.0,0.0
42.858445284281444,0.0,0.960198808598667,0.0,0.0,0.0,0.0,0.0,0.0,0.0,0.9592801774894234,0.0,0.0,0.0,0.0,0.0,0.0
43.358445284281444,0.0,0.9586261600332392,0.0,0.0,0.0,0.0,0.0,0.0,0.0,0.959199397116449,0.0,0.0,0.0,0.0,0.0,0.0
43.858445284281444,0.0,0.9579097239649165,0.0,0.0,0.0,0.0,0.0,0.0,0.0,0.9589432788958904,0.0,0.0,0.0,0.0,0.0,0.0
44.358445284281444,0.0,0.9592288281464874,0.0,0.0,0.0,0.0,0.0,0.0,0.0,0.9589148268047134,0.0,0.0,0.0,0.0,0.0,0.0
44.858445284281444,0.0,0.9593352618431805,0.0,0.0,0.0,0.0,0.0,0.0,0.0,0.9590597565172981,0.0,0.0,0.0,0.0,0.0,0.0
45.358445284281444,0.0,0.9581529529162637,0.0,0.0,0.0,0.0,0.0,0.0,0.0,0.9586505853808174,0.0,0.0,0.0,0.0,0.0,0.0
45.858445284281444,0.0,0.9599379502538763,0.0,0.0,0.0,0.0,0.0,0.0,0.0,0.9589129434249448,0.0,0.0,0.0,0.0,0.0,0.0
46.358445284281444,0.0,0.958650167976495,0.0,0.0,0.0,0.0,0.0,0.0,0.0,0.9590610322272607,0.0,0.0,0.0,0.0,0.0,0.0
46.858445284281444,0.0,0.958573411062475,0.0,0.0,0.0,0.0,0.0,0.0,0.0,0.9589299488104581,0.0,0.0,0.0,0.0,0.0,0.0
47.358445284281444,0.0,0.9593917297382752,0.0,0.0,0.0,0.0,0.0,0.0,0.0,0.9589412423894771,0.0,0.0,0.0,0.0,0.0,0.0
47.858445284281444,0.0,0.9586578917484214,0.0,0.0,0.0,0.0,0.0,0.0,0.0,0.9590422301559085,0.0,0.0,0.0,0.0,0.0,0.0
48.358445284281444,0.0,0.9591648871153,0.0,0.0,0.0,0.0,0.0,0.0,0.0,0.9588876175281934,0.0,0.0,0.0,0.0,0.0,0.0
48.858445284281444,0.0,0.959651827337917,0.0,0.0,0.0,0.0,0.0,0.0,0.0,0.9590879494004778,0.0,0.0,0.0,0.0,0.0,0.0
49.358445284281444,0.0,0.9593895611950173,0.0,0.0,0.0,0.0,0.0,0.0,0.0,0.9592511794269862,0.0,0.0,0.0,0.0,0.0,0.0
49.858445284281444,0.0,0.9582513686623871,0.0,0.0,0.0,0.0,0.0,0.0,0.0,0.9590231072118087,0.0,0.0,0.0,0.0,0.0,0.0
50.358445284281444,0.0,0.9593962579200787,0.0,0.0,0.0,0.0,0.0,0.0,0.0,0.95917078044614,0.0,0.0,0.0,0.0,0.0,0.0
50.858445284281444,0.0,0.9592150840940633,0.0,0.0,0.0,0.0,0.0,0.0,0.0,0.9591808198418926,0.0,0.0,0.0,0.0,0.0,0.0
51.358445284281444,0.0,0.9585961473878338,0.0,0.0,0.0,0.0,0.0,0.0,0.0,0.958969683851876,0.0,0.0,0.0,0.0,0.0,0.0
51.858445284281444,0.0,0.9599965941902682,0.0,0.0,0.0,0.0,0.0,0.0,0.0,0.9590910904509261,0.0,0.0,0.0,0.0,0.0,0.0
52.358445284281444,0.0,0.9594132325996426,0.0,0.0,0.0,0.0,0.0,0.0,0.0,0.9593234632383772,0.0,0.0,0.0,0.0,0.0,0.0
52.858445284281444,0.0,0.9586620305042142,0.0,0.0,0.0,0.0,0.0,0.0,0.0,0.9591766177552044,0.0,0.0,0.0,0.0,0.0,0.0
53.358445284281444,0.0,0.9577534998960295,0.0,0.0,0.0,0.0,0.0,0.0,0.0,0.9588843009155976,0.0,0.0,0.0,0.0,0.0,0.0
53.858445284281444,0.0,0.9596498095454659,0.0,0.0,0.0,0.0,0.0,0.0,0.0,0.9590950333471241,0.0,0.0,0.0,0.0,0.0,0.0
54.358445284281444,0.0,0.9602568347108227,0.0,0.0,0.0,0.0,0.0,0.0,0.0,0.9591470814512351,0.0,0.0,0.0,0.0,0.0,0.0
54.858445284281444,0.0,0.9577983048644849,0.0,0.0,0.0,0.0,0.0,0.0,0.0,0.9588240959042034,0.0,0.0,0.0,0.0,0.0,0.0
55.358445284281444,0.0,0.9578780547381943,0.0,0.0,0.0,0.0,0.0,0.0,0.0,0.9586673007509994,0.0,0.0,0.0,0.0,0.0,0.0
55.858445284281444,0.0,0.9592752091009265,0.0,0.0,0.0,0.0,0.0,0.0,0.0,0.958971642591979,0.0,0.0,0.0,0.0,0.0,0.0
56.358445284281444,0.0,0.9607265211527508,0.0,0.0,0.0,0.0,0.0,0.0,0.0,0.9591869849134358,0.0,0.0,0.0,0.0,0.0,0.0
56.858445284281444,0.0,0.9568966060723806,0.0,0.0,0.0,0.0,0.0,0.0,0.0,0.9585149391857474,0.0,0.0,0.0,0.0,0.0,0.0
57.358445284281444,0.0,0.9589751194550764,0.0,0.0,0.0,0.0,0.0,0.0,0.0,0.9587503021038657,0.0,0.0,0.0,0.0,0.0,0.0
57.858445284281444,0.0,0.9595290191920416,0.0,0.0,0.0,0.0,0.0,0.0,0.0,0.9590804949946351,0.0,0.0,0.0,0.0,0.0,0.0
58.358445284281444,0.0,0.9587298110615964,0.0,0.0,0.0,0.0,0.0,0.0,0.0,0.9589714153867691,0.0,0.0,0.0,0.0,0.0,0.0
58.858445284281444,0.0,0.9595265012232101,0.0,0.0,0.0,0.0,0.0,0.0,0.0,0.9587314114008609,0.0,0.0,0.0,0.0,0.0,0.0
59.358445284281444,0.0,0.9579018441347193,0.0,0.0,0.0,0.0,0.0,0.0,0.0,0.9589324590133288,0.0,0.0,0.0,0.0,0.0,0.0
59.858445284281444,0.0,0.9592765188666346,0.0,0.0,0.0,0.0,0.0,0.0,0.0,0.9589927388956404,0.0,0.0,0.0,0.0,0.0,0.0
60.358445284281444,0.0,0.9597944323313005,0.0,0.0,0.0,0.0,0.0,0.0,0.0,0.9590458215234922,0.0,0.0,0.0,0.0,0.0,0.0
60.858445284281444,0.0,0.9586712668412571,0.0,0.0,0.0,0.0,0.0,0.0,0.0,0.9590341126794243,0.0,0.0,0.0,0.0,0.0,0.0
61.358445284281444,0.0,0.9594582892116851,0.0,0.0,0.0,0.0,0.0,0.0,0.0,0.9590204702771195,0.0,0.0,0.0,0.0,0.0,0.0
61.858445284281444,0.0,0.9583579670045834,0.0,0.0,0.0,0.0,0.0,0.0,0.0,0.959111694851092,0.0,0.0,0.0,0.0,0.0,0.0
62.358445284281444,0.0,0.9591342191676514,0.0,0.0,0.0,0.0,0.0,0.0,0.0,0.9590832349112954,0.0,0.0,0.0,0.0,0.0,0.0
62.858445284281444,0.0,0.9589866729831431,0.0,0.0,0.0,0.0,0.0,0.0,0.0,0.958921683041664,0.0,0.0,0.0,0.0,0.0,0.0
63.358445284281444,0.0,0.9598250543826841,0.0,0.0,0.0,0.0,0.0,0.0,0.0,0.9591524405499495,0.0,0.0,0.0,0.0,0.0,0.0
63.858445284281444,0.0,0.9529528650986004,0.0,0.0,0.0,0.0,0.0,0.0,0.0,0.9578513557273325,0.0,0.0,0.0,0.0,0.0,0.0
